Workbook

Sheet Overview
E7: Testcase
E10: MBFS - Ứng dụng di động
C14: Project Name: | E14: MBFS - Ứng dụng di động | I14: Reviewer: | K14: Tien.nguyen2
C15: Document Code: | E15: MBFS - Ứng dụng di động | I15: Role: | K15: QC Leader
C16: Platform | I16: Reviewed Date:
C17: Created By: | E17: Trang.bui3 | I17: Approver: | K17: Chung.vu
C18: Role: | E18: QC | I18: Role: | K18: PM
C19: Created Date: | E19: 46153 | I19: Approved Date:
C20: Version | E20: 0.1

Sheet Test Plan&report
B1: TEST REPORT
B2: Function ID | C2: Test coverage | D2: Test success coverage | E2: Total TCs | F2: Pass | G2: Fail | H2: Pending | I2: N/A | J2: Untested
B3: FUNC01 | C3: =IFERROR((F3+G3)/(E3-H3-I3),0) -> 0 | D3: =IFERROR((F3)/(E3-H3-I3),0) -> 0 | E3: =SUM(F3:J3) -> #REF! | F3: ='Tên tính năng'!J1+'Tên tính năng'!M1 -> #REF! | G3: ='Tên tính năng'!J2+'Tên tính năng'!M2 -> #REF! | H3: ='Tên tính năng'!J5+'Tên tính năng'!M5 -> #REF! | I3: ='Tên tính năng'!J4+'Tên tính năng'!M4 -> #REF! | J3: ='Tên tính năng'!J3+'Tên tính năng'!M3 -> #REF!
B9: Total | C9: =IFERROR((F9+G9)/(E9-H9-I9),0) -> 0 | D9: =IFERROR((F9)/(E9-H9-I9),0) -> 0 | E9: =SUM(E3:E8) -> #REF! | F9: =SUM(F3:F8) -> #REF! | G9: =SUM(G3:G8) -> #REF! | H9: =SUM(H3:H8) -> #REF! | I9: =SUM(I3:I8) -> #REF! | J9: =SUM(J3:J8) -> #REF!
B11: TEST PLAN
B13: No | C13: Function ID | D13: Function Name | E13: Platform | F13: Screen list | G13: Est viewpoint | H13: Create Test Cases | L13: Execute Test Cases
H14: Est Time (h) | I14: Act Time (h) | J14: PIC | K14: Status | L14: Round 1 Est Time(h) | M14: Round 1 Act Time (h) | N14: Round 2 Est Time(h) | O14: Round 2 Act Time (h) | P14: Total Time (h) | Q14: PIC | R14: Status
B16: =ROW()-6 -> 10 | C16: FUNC01 | D16: Tra cứu văn bản pháp luật | J16: Trang.bui3 | K16: Review | P16: =L16+N16 -> 0

Sheet Revisions
A1: HISTORY
A3: History
A4: Date | B4: Content | C4: Version | D4: Author
A5: =Overview!E19 -> 46153 | B5: Thêm mới | C5: 0.1 | D5: =Overview!E17 -> Trang.bui3

Sheet Tra cứu văn bản pháp luật
A1: System Name | B1: Cổng Một Cửa Đầu Tư Quốc Gia - Ứng dụng Di động | D1: MBFS_UC69_TraCuuVanBanPhapLuat_Testcase_v1.0 | G1: Browser | H1: iOS | I1: Pass | J1: =COUNTIF(G8:G291,"Pass") -> 0 | K1: Android | L1: Pass | M1: =COUNTIF(K8:K291,"Pass") -> 0 | N1: Number of Test cases | O1: =SUM(J1:J4)+SUM(M1:M4) -> 254 | P1: Number of Bugs | Q1: =COUNTA(#REF!)+COUNTA(#REF!) -> 2
A2: Module | B2: Ứng dụng Di động (Mobile App) | I2: Fail | J2: =COUNTIF(G8:G291,"Fail") -> 0 | L2: Fail | M2: =COUNTIF(K9:K292,"Fail") -> 0
A3: Function Name | D3: Tra cứu văn bản pháp luật | I3: Untested | J3: =COUNTIF(G10:G293,"Untested") -> 127 | L3: Untested | M3: =COUNTIF(K10:K293,"Untested") -> 127
A4: Created By | B4: =Overview!E17 -> Trang.bui3 | D4: 11/05/2026 | I4: N/A | J4: =COUNTIF(G8:G291,"N/A") -> 0 | L4: N/A | M4: =COUNTIF(K11:K294,"N/A") -> 0
A5: Execute By | I5: Pending | J5: =COUNTIF(G8:G291,"Pending") -> 0 | L5: Pending | M5: =COUNTIF(K12:K295,"Pending") -> 0
A6: ID_TC | B6: Test Title/Summary of test cases | C6: Pre-Condition | D6: Step | E6: Expected Result | F6: Data/Note | G6: Round 1 - iOS | K6: Round 1 - Android | O6: Round 2 - iOS | Q6: Round 2 - Android
G7: Test Result | H7: PIC | I7: Execute Date | J7: ID Bug | K7: Test Result | L7: PIC | M7: Execute Date | N7: ID Bug | O7: Test Result | P7: PIC | Q7: Test Result | R7: PIC
B8: 1. Màn hình Danh sách Văn bản pháp luật
B9: Check UI/UX
A10: ="TC_" & TEXT(ROW()-9,"000") -> TC_001 | B10: Kiểm tra UI/UX màn hình Danh sách Văn bản pháp luật | C10: Đăng nhập thành công vào ứng dụng (Cá nhân hoặc Tổ chức). Điều hướng đến màn hình "Văn bản pháp luật". | D10: 1. Kiểm tra hiển thị trên màn hình [Danh sách Văn bản pháp luật] | E10: 1. Hiển thị đầy đủ các item, màu sắc, font chữ, layout giống Design (Tham khảo ảnh "1. Màn xem danh sách - Số hiệu, trích yếu" sheet WF/Design) - Header đỏ đậm, tiêu đề "Văn bản pháp luật" màu trắng, nút Quay lại (←) - Ô tìm kiếm nền xám nhạt, viền bo tròn, placeholder "Tìm kiếm văn bản..." - Icon filter bên phải ô tìm kiếm - 2 radio: "Số hiệu, Trích yếu" (mặc định) và "Toàn văn" - Danh sách Card cuộn dọc | G10: Untested | K10: Untested
A11: ="TC_" & TEXT(ROW()-9,"000") -> TC_002 | B11: [Card văn bản] Kiểm tra hiển thị thông tin trên mỗi Card | C11: Đăng nhập thành công. Ở màn hình Danh sách Văn bản pháp luật. Danh sách có dữ liệu. | D11: 1. Kiểm tra hiển thị thông tin trên 1 Card văn bản | E11: 1. - Tag Loại văn bản: góc trái trên - Tag Trạng thái: góc phải trên - Tên văn bản: font đậm, màu đen, tối đa 2 dòng - "Ban hành: [DD/MM/YYYY]" dòng 1, màu xám - "Hiệu lực: [DD/MM/YYYY]" dòng 2, màu xám - Cơ quan ban hành: góc trái dưới, màu xám đậm - Nút "Xem chi tiết →": góc phải dưới | G11: Untested | K11: Untested
A12: ="TC_" & TEXT(ROW()-9,"000") -> TC_003 | B12: [Card văn bản] Kiểm tra hiển thị khi Tên văn bản quá dài (> 2 dòng) | C12: Đăng nhập thành công. Có văn bản với tên rất dài (> 2 dòng hiển thị). | D12: 1. Kiểm tra hiển thị Tên văn bản trên Card | E12: 1. Tên văn bản hiển thị tối đa 2 dòng, phần vượt quá hiển thị "..." | G12: Untested | K12: Untested
A13: ="TC_" & TEXT(ROW()-9,"000") -> TC_004 | B13: [Card văn bản] Kiểm tra hiển thị khi các trường dữ liệu null | C13: Đăng nhập thành công. Có văn bản với các trường null. | D13: 1. Kiểm tra hiển thị Card khi dữ liệu null | E13: 1. - Tên văn bản null → hiển thị "-" - Ngày ban hành null → "Ban hành: -" - Ngày hiệu lực null → "Hiệu lực: -" - Cơ quan ban hành null → "-" | G13: Untested | K13: Untested
A14: ="TC_" & TEXT(ROW()-9,"000") -> TC_005 | B14: [Tag Trạng thái] Kiểm tra hiển thị badge cho 5 trạng thái | C14: Đăng nhập thành công. Ở màn hình Danh sách Văn bản pháp luật. Danh sách có dữ liệu. | D14: 1. Kiểm tra hiển thị badge trạng thái trên các Card | E14: 1. Badge hiển thị đúng cho 5 giá trị: - "Đang hiệu lực" - "Chưa hiệu lực" - "Không xác định hiệu lực" - "Hết hiệu lực" - "Hết hiệu lực một phần" Badge luôn read-only, không cho phép tap (CMR-05) | G14: Untested | K14: Untested
A15: ="TC_" & TEXT(ROW()-9,"000") -> TC_006 | B15: [Full-screen loading] Kiểm tra hiển thị loading khi first-load | C15: Đăng nhập thành công. Truy cập lần đầu vào màn hình "Văn bản pháp luật". | D15: 1. Kiểm tra hiển thị trong lúc tải dữ liệu lần đầu | E15: 1. Hiển thị full-screen loading overlay (CMR-07 v1.1) trong lúc chờ API phản hồi | G15: Untested | K15: Untested
A16: ="TC_" & TEXT(ROW()-9,"000") -> TC_007 | B16: [Empty state] Kiểm tra hiển thị khi không có dữ liệu | C16: Đăng nhập thành công. API trả về danh sách rỗng. | D16: 1. Kiểm tra hiển thị màn hình khi không có văn bản nào | E16: 1. Hiển thị empty state "Không tìm thấy kết quả." theo CMR-14. Ẩn danh sách kết quả. | G16: Untested | K16: Untested
A17: ="TC_" & TEXT(ROW()-9,"000") -> TC_008 | B17: [Active Filter Indicator] Kiểm tra hiển thị icon indicator khi có filter active | C17: Đăng nhập thành công. Đã áp dụng bộ lọc có giá trị khác mặc định. | D17: 1. Kiểm tra hiển thị icon filter trên màn hình danh sách | E17: 1. Icon indicator màu xanh lá cây xuất hiện ở góc phải trên icon filter (CMR-02) | G17: Untested | K17: Untested
A18: ="TC_" & TEXT(ROW()-9,"000") -> TC_009 | B18: [Active Filter Indicator] Kiểm tra ẩn icon indicator khi không có filter active | C18: Đăng nhập thành công. Tất cả field bộ lọc ở giá trị mặc định. | D18: 1. Kiểm tra hiển thị icon filter trên màn hình danh sách | E18: 1. Không hiển thị icon indicator. Chỉ hiển thị icon filter bình thường. | G18: Untested | K18: Untested
B19: Check Function
A20: ="TC_" & TEXT(ROW()-10,"000") -> TC_010 | B20: [Ô tìm kiếm] Kiểm tra tìm kiếm với phạm vi "Số hiệu, Trích yếu" | C20: Đăng nhập thành công. Ở màn hình Danh sách Văn bản pháp luật. Danh sách có dữ liệu. | D20: 1. Nhập từ khóa "Thông tư" vào ô tìm kiếm 2. Chờ 3 giây (debounce) 3. Kiểm tra hiển thị danh sách kết quả | E20: 3. Danh sách cập nhật, chỉ hiển thị các văn bản có tên/số hiệu/trích yếu chứa "Thông tư" | G20: Untested | K20: Untested
A21: ="TC_" & TEXT(ROW()-10,"000") -> TC_011 | B21: [Ô tìm kiếm] Kiểm tra tìm kiếm với phạm vi "Toàn văn" | C21: Đăng nhập thành công. Ở màn hình Danh sách Văn bản pháp luật, mục Toàn văn Danh sách có dữ liệu. | D21: 1. Nhập từ khóa "Thông tư" vào ô tìm kiếm 2. Chờ 3 giây (debounce) 3. Kiểm tra hiển thị danh sách kết quả | E21: 3. Danh sách cập nhật, chỉ hiển thị các văn bản có toàn văn chứa "Thông tư" | G21: Untested | K21: Untested
A22: ="TC_" & TEXT(ROW()-10,"000") -> TC_012 | B22: [Ô tìm kiếm] Kiểm tra debounce 3 giây hoạt động đúng | C22: Đăng nhập thành công. Ở màn hình Danh sách Văn bản pháp luật. Danh sách có dữ liệu. | D22: 1. Nhập "Nghị" vào ô tìm kiếm 2. Chờ 1 giây, nhập thêm " định" 3. Chờ 3 giây không gõ thêm 4. Kiểm tra hiển thị | E22: 4. Hệ thống chỉ gọi API 1 lần sau 3 giây ngừng gõ, kết quả cho "Nghị định" | F22: CMR-01 | G22: Untested | K22: Untested
A23: ="TC_" & TEXT(ROW()-10,"000") -> TC_013 | B23: [Ô tìm kiếm] Kiểm tra tìm kiếm gần đúng (fuzzy search) | C23: Đăng nhập thành công. Ở màn hình Danh sách Văn bản pháp luật. Danh sách có dữ liệu. | D23: 1. Nhập "20/2026" vào ô tìm kiếm 2. Chờ 3 giây 3. Kiểm tra kết quả | E23: 3. Kết quả trả về bao gồm văn bản chứa "20/2026" (tìm gần đúng) | G23: Untested | K23: Untested
A24: ="TC_" & TEXT(ROW()-10,"000") -> TC_014 | B24: [Ô tìm kiếm] Kiểm tra giới hạn 500 ký tự — nhập đúng 500 (BVA) | C24: Đăng nhập thành công. Ở màn hình Danh sách Văn bản pháp luật. Danh sách có dữ liệu. | D24: 1. Nhập đúng 500 ký tự vào ô tìm kiếm 2. Chờ 3 giây 3. Kiểm tra hiển thị | E24: 2. Hệ thống chấp nhận 500 ký tự 3. Thực hiện tìm kiếm bình thường | F24: BVA: at boundary | G24: Untested | K24: Untested
A25: ="TC_" & TEXT(ROW()-10,"000") -> TC_015 | B25: [Ô tìm kiếm] Kiểm tra giới hạn 500 ký tự — nhập 501 (BVA) | C25: Đăng nhập thành công. Ở màn hình Danh sách Văn bản pháp luật. Danh sách có dữ liệu. | D25: 1. Nhập 501 ký tự vào ô tìm kiếm | E25: 1. Hệ thống không cho phép nhập ký tự thứ 501. Chặn tại 500 ký tự. | F25: BVA: above boundary | G25: Untested | K25: Untested
A26: ="TC_" & TEXT(ROW()-10,"000") -> TC_016 | B26: [Ô tìm kiếm] Kiểm tra xóa hết từ khóa → danh sách mặc định | C26: Đăng nhập thành công. Đã nhập từ khóa và có kết quả tìm kiếm. | D26: 1. Xóa hết text trong ô tìm kiếm 2. Chờ 3 giây 3. Kiểm tra hiển thị | E26: 3. Hiển thị lại danh sách mặc định (sắp xếp theo ngày ban hành mới nhất) | G26: Untested | K26: Untested
A27: ="TC_" & TEXT(ROW()-10,"000") -> TC_017 | B27: [Ô tìm kiếm] Kiểm tra nhập ký tự đặc biệt | C27: Đăng nhập thành công. Ở màn hình Danh sách Văn bản pháp luật. Danh sách có dữ liệu. | D27: 1. Nhập "@#/-.%" vào ô tìm kiếm 2. Chờ 3 giây 3. Kiểm tra hiển thị | E27: 3. Hệ thống xử lý bình thường, không crash. Trả về kết quả phù hợp hoặc empty state. | G27: Untested | K27: Untested
A28: ="TC_" & TEXT(ROW()-10,"000") -> TC_018 | B28: [Radio] Kiểm tra chuyển từ "Số hiệu, Trích yếu" sang "Toàn văn" | C28: Đăng nhập thành công. Đã nhập keyword "Thông tư". Bộ lọc đã áp dụng. | D28: 1. Tap radio "Toàn văn" 2. Kiểm tra hiển thị | E28: 2. - Danh sách reset về trang đầu - Keyword giữ nguyên - Bộ lọc giữ nguyên - Mỗi Card hiển thị thêm khối nội dung toàn văn | G28: Untested | K28: Untested
A29: ="TC_" & TEXT(ROW()-10,"000") -> TC_019 | B29: [Radio] Kiểm tra chuyển từ "Toàn văn" về "Số hiệu, Trích yếu" | C29: Đăng nhập thành công. Radio "Toàn văn" đang chọn. Có keyword và bộ lọc. | D29: 1. Tap radio "Số hiệu, Trích yếu" 2. Kiểm tra hiển thị | E29: 2. - Danh sách reset về trang đầu - Keyword giữ nguyên, bộ lọc giữ nguyên - Khối nội dung toàn văn ẩn đi | G29: Untested | K29: Untested
A30: ="TC_" & TEXT(ROW()-10,"000") -> TC_020 | B30: [Radio "Toàn văn"] Kiểm tra khi VB không có nội dung toàn văn | C30: Đăng nhập thành công. Radio "Toàn văn" đang chọn. | D30: 1. Kiểm tra hiển thị khối toàn văn trên Card không có data | E30: 1. Khối toàn văn hiển thị "Không có dữ liệu." theo CMR-14 | G30: Untested | K30: Untested
A31: ="TC_" & TEXT(ROW()-10,"000") -> TC_021 | B31: [Lazy load] Kiểm tra tải thêm 20 bản ghi khi cuộn xuống | C31: Đăng nhập thành công. Danh sách có > 20 bản ghi. | D31: 1. Cuộn xuống cuối danh sách 2. Kiểm tra hiển thị | E31: 1. Hiển thị spinner cục bộ ở cuối (không full-screen) 2. Tải thêm 20 bản ghi tiếp theo | F31: CMR-04 | G31: Untested | K31: Untested
A32: ="TC_" & TEXT(ROW()-10,"000") -> TC_022 | B32: [Lazy load] Kiểm tra khi đã tải hết dữ liệu | C32: Đăng nhập thành công. Đã tải hết tất cả bản ghi. | D32: 1. Cuộn xuống cuối danh sách 2. Kiểm tra hiển thị | E32: 2. Không trigger thêm API call, không hiển thị spinner. | G32: Untested | K32: Untested
A33: ="TC_" & TEXT(ROW()-10,"000") -> TC_023 | B33: [Pull to Refresh] Kiểm tra kéo xuống để tải lại | C33: Đăng nhập thành công. Có keyword và bộ lọc đang active. | D33: 1. Kéo xuống (pull to refresh) 2. Kiểm tra hiển thị | E33: 2. Danh sách tải lại từ đầu, giữ nguyên keyword và bộ lọc | F33: CMR-13 | G33: Untested | K33: Untested
A34: ="TC_" & TEXT(ROW()-10,"000") -> TC_024 | B34: [Nút "Xem chi tiết →"] Kiểm tra tap mở chi tiết | C34: Đăng nhập thành công. Ở màn hình Danh sách Văn bản pháp luật. Danh sách có dữ liệu. | D34: 1. Tap nút "Xem chi tiết →" trên 1 Card 2. Kiểm tra hiển thị | E34: 2. Chuyển đến màn hình Chi tiết văn bản tương ứng | G34: Untested | K34: Untested
A35: ="TC_" & TEXT(ROW()-10,"000") -> TC_025 | B35: [Card văn bản] Kiểm tra tap toàn bộ Card mở chi tiết | C35: Đăng nhập thành công. Ở màn hình Danh sách Văn bản pháp luật. Danh sách có dữ liệu. | D35: 1. Tap vào vùng bất kỳ trên Card 2. Kiểm tra hiển thị | E35: 2. Chuyển đến màn hình Chi tiết văn bản tương ứng | G35: Untested | K35: Untested
A36: ="TC_" & TEXT(ROW()-10,"000") -> TC_026 | B36: [Debounce rapid tap] Kiểm tra tap nhanh liên tiếp chỉ navigate 1 lần | C36: Đăng nhập thành công. Ở màn hình Danh sách Văn bản pháp luật. Danh sách có dữ liệu. | D36: 1. Tap nhanh liên tiếp 3 lần vào 1 Card 2. Kiểm tra hiển thị | E36: 2. Chỉ navigate 1 lần đến Chi tiết (CMR-18) | F36: CMR-18 | G36: Untested | K36: Untested
A37: ="TC_" & TEXT(ROW()-10,"000") -> TC_027 | B37: [Nút Quay lại] Kiểm tra quay về màn hình trước | C37: Đăng nhập thành công. Ở màn hình Danh sách. Truy cập từ Trang chủ. | D37: 1. Tap nút Quay lại (←) trên header 2. Kiểm tra hiển thị | E37: 2. Quay về Trang chủ (CMR-06) | G37: Untested | K37: Untested
A38: ="TC_" & TEXT(ROW()-10,"000") -> TC_028 | B38: [State Persistence] Kiểm tra quay lại giữ nguyên trạng thái | C38: Đăng nhập thành công. Đã nhập keyword, áp dụng bộ lọc, cuộn xuống giữa danh sách. | D38: 1. Tap vào 1 Card để xem chi tiết 2. Tap Quay lại để về danh sách 3. Kiểm tra hiển thị | E38: 3. - Keyword giữ nguyên - Bộ lọc giữ nguyên - Vị trí scroll giữ nguyên - Radio giữ nguyên | F38: CMR-01 | G38: Untested | K38: Untested
A39: ="TC_" & TEXT(ROW()-10,"000") -> TC_029 | B39: [Tìm kiếm + Bộ lọc] Kiểm tra kết hợp keyword và bộ lọc | C39: Đăng nhập thành công. Ở màn hình Danh sách Văn bản pháp luật. Danh sách có dữ liệu. | D39: 1. Nhập "Thông tư" vào ô tìm kiếm 2. Mở bộ lọc, chọn Trạng thái = "Đang hiệu lực" 3. Tap "Áp dụng" 4. Chờ 3 giây 5. Kiểm tra kết quả | E39: 5. Danh sách chỉ hiển thị VB chứa "Thông tư" VÀ trạng thái "Đang hiệu lực" (AND logic) | G39: Untested | K39: Untested
A40: ="TC_" & TEXT(ROW()-10,"000") -> TC_030 | B40: [Lỗi mạng] Kiểm tra mất kết nối khi tải danh sách | C40: Đăng nhập thành công. Tắt mạng trước khi truy cập UC69. | D40: 1. Truy cập màn hình "Văn bản pháp luật" 2. Kiểm tra hiển thị | E40: 2. Hiển thị "Không thể kết nối. Vui lòng kiểm tra mạng và thử lại." với nút "Thử lại" | F40: CMR-07 | G40: Untested | K40: Untested
B41: Check common
B42: Kiểm tra các trường hợp phổ biến UI/UX
A43: ="TC_" & TEXT(ROW()-12,"000") -> TC_031 | B43: Kiểm tra hiển thị dữ liệu tối đa (maxlength) | C43: Đăng nhập thành công. Ở màn hình Danh sách Văn bản pháp luật. Danh sách có dữ liệu. | D43: 1. Kiểm tra hiển thị dữ liệu tối đa (maxlength) | E43: 1. Hiển thị đúng độ dài tối đa | G43: Untested | K43: Untested
A44: ="TC_" & TEXT(ROW()-12,"000") -> TC_032 | B44: Kiểm tra khôi phục/phóng to/thu nhỏ ứng dụng | C44: Đăng nhập thành công. Ở màn hình Danh sách Văn bản pháp luật. Danh sách có dữ liệu. | D44: 1. Thực hiện khôi phục, phóng to, thu nhỏ ứng dụng | E44: 1. Không xảy ra lỗi bất thường | G44: Untested | K44: Untested
A45: ="TC_" & TEXT(ROW()-12,"000") -> TC_033 | B45: Kiểm tra tính nhất quán của các thông báo | C45: Đăng nhập thành công. Ở màn hình Danh sách Văn bản pháp luật. Danh sách có dữ liệu. | D45: 1. Kiểm tra tính nhất quán của các thông báo | E45: 1. Xác nhận thông báo lỗi: - Thông báo lỗi inline: hiển thị dưới ô nhập liệu bị lỗi, màu đỏ - Thông báo lỗi dạng toast: hiển thị ở giữa hoặc phía dưới màn hình | G45: Untested | K45: Untested
A46: ="TC_" & TEXT(ROW()-12,"000") -> TC_034 | B46: Kiểm tra hiển thị khi thiết bị ở chế độ dọc | C46: Đăng nhập thành công. Ở màn hình Danh sách Văn bản pháp luật. Danh sách có dữ liệu. | D46: 1. Kiểm tra hiển thị khi thiết bị ở chế độ dọc | E46: 1. Không có lỗi gì xảy ra, giao diện không bị vỡ | G46: Untested | K46: Untested
A47: ="TC_" & TEXT(ROW()-12,"000") -> TC_035 | B47: Kiểm tra hiển thị khi thiết bị ở chế độ ngang | C47: Đăng nhập thành công. Ở màn hình Danh sách Văn bản pháp luật. Danh sách có dữ liệu. | D47: 1. Kiểm tra hiển thị khi thiết bị ở chế độ ngang | E47: 1. App chỉ hỗ trợ Portrait. Màn hình không xoay theo. | G47: Untested | K47: Untested
A48: ="TC_" & TEXT(ROW()-12,"000") -> TC_036 | B48: Kiểm tra hiển thị khi chuyển đổi giữa chế độ dọc và ngang | C48: Đăng nhập thành công. Ở màn hình Danh sách Văn bản pháp luật. Danh sách có dữ liệu. | D48: 1. Chuyển từ dọc sang ngang 2. Chuyển từ ngang sang dọc | E48: 1 & 2. App chỉ hỗ trợ Portrait. Giao diện không bị vỡ. | G48: Untested | K48: Untested
A49: ="TC_" & TEXT(ROW()-12,"000") -> TC_037 | B49: Kiểm tra hiển thị khi thiết bị sử dụng cỡ chữ lớn nhất | C49: Đăng nhập thành công. Ở màn hình Danh sách Văn bản pháp luật. Danh sách có dữ liệu. | D49: 1. Kiểm tra hiển thị khi thiết bị sử dụng cỡ chữ lớn nhất | E49: 1. Giao diện không bị vỡ | G49: Untested | K49: Untested
A50: ="TC_" & TEXT(ROW()-12,"000") -> TC_038 | B50: Kiểm tra hiển thị khi thiết bị sử dụng cỡ chữ nhỏ nhất | C50: Đăng nhập thành công. Ở màn hình Danh sách Văn bản pháp luật. Danh sách có dữ liệu. | D50: 1. Kiểm tra hiển thị khi thiết bị sử dụng cỡ chữ nhỏ nhất | E50: 1. Giao diện không bị vỡ | G50: Untested | K50: Untested
B51: Kiểm tra tương tác cơ bản với thiết bị
A52: ="TC_" & TEXT(ROW()-13,"000") -> TC_039 | B52: Xác nhận hiển thị khi chạm nút [Quay lại] trên Android | C52: Đăng nhập thành công. Ở màn hình Danh sách Văn bản pháp luật. Danh sách có dữ liệu. | D52: 1. Mở ứng dụng 2. Chạm nút [Quay lại] trên thiết bị Android 3. Xác nhận hiển thị | E52: 3. Quay lại màn hình trước đó | G52: Untested | K52: Untested
A53: ="TC_" & TEXT(ROW()-13,"000") -> TC_040 | B53: Xác nhận hiển thị khi vuốt trái sang phải trên iOS | C53: Đăng nhập thành công. Ở màn hình Danh sách Văn bản pháp luật. Danh sách có dữ liệu. | D53: 1. Mở ứng dụng 2. Vuốt từ trái sang phải trên iOS 3. Xác nhận hiển thị | E53: 3. Quay lại màn hình trước đó | G53: Untested | K53: Untested
A54: ="TC_" & TEXT(ROW()-13,"000") -> TC_041 | B54: Xác nhận hiển thị khi tắt và mở lại ứng dụng | C54: Đăng nhập thành công. Ở màn hình Danh sách Văn bản pháp luật. Danh sách có dữ liệu. | D54: 1. Mở ứng dụng 2. Tắt ứng dụng 3. Mở lại ứng dụng 4. Xác nhận hiển thị | E54: 4. Ứng dụng mở lại từ Trang chủ, giữ nguyên session đăng nhập | G54: Untested | K54: Untested
A55: ="TC_" & TEXT(ROW()-13,"000") -> TC_042 | B55: Kiểm tra chế độ đa nhiệm (multitasking) | C55: Đăng nhập thành công. Ở màn hình Danh sách Văn bản pháp luật. Danh sách có dữ liệu. | D55: 1. Mở ứng dụng 2. Trở về màn hình chính 3. Mở lại ứng dụng 4. Xác nhận hiển thị | E55: 4. Ứng dụng giữ nguyên ở trạng thái hiện tại | G55: Untested | K55: Untested
A56: ="TC_" & TEXT(ROW()-13,"000") -> TC_043 | B56: Xác nhận hiển thị khi khóa và mở khóa màn hình | C56: Đăng nhập thành công. Ở màn hình Danh sách Văn bản pháp luật. Danh sách có dữ liệu. | D56: 1. Mở ứng dụng 2. Khóa thiết bị 3. Mở khóa thiết bị 4. Xác nhận hiển thị | E56: 4. Giữ nguyên trạng thái hiện tại của ứng dụng | G56: Untested | K56: Untested
A57: ="TC_" & TEXT(ROW()-13,"000") -> TC_044 | B57: Kiểm tra kéo xuống để làm mới (pull-to-refresh) | C57: Đăng nhập thành công. Ở màn hình Danh sách Văn bản pháp luật. Danh sách có dữ liệu. | D57: 1. Ở màn hình hiện tại 2. Kéo xuống để làm mới | E57: 2. Hiển thị dữ liệu mới nhất | G57: Untested | K57: Untested
A58: ="TC_" & TEXT(ROW()-13,"000") -> TC_045 | B58: Kiểm tra cuộn xuống để tải thêm (scroll-down-to-load-more) | C58: Đăng nhập thành công. Danh sách có > 20 bản ghi. | D58: 1. Cuộn xuống cuối danh sách | E58: 1. Hiển thị thêm dữ liệu mới (20 bản ghi tiếp theo) | G58: Untested | K58: Untested
A59: ="TC_" & TEXT(ROW()-13,"000") -> TC_046 | B59: Kiểm tra phản hồi khi nhận thông báo từ ứng dụng khác | C59: Đăng nhập thành công. Ở màn hình Danh sách Văn bản pháp luật. Danh sách có dữ liệu. | D59: 1. Mở ứng dụng 2. Ứng dụng khác gửi thông báo 3. Xác nhận hiển thị | E59: 3. Không có lỗi nào xảy ra | G59: Untested | K59: Untested
B60: 2. Bottom Sheet Bộ lọc tìm kiếm
B61: Check UI/UX
A62: ="TC_" & TEXT(ROW()-15,"000") -> TC_047 | B62: Kiểm tra UI/UX Bottom Sheet Bộ lọc tìm kiếm | C62: Đăng nhập thành công. Ở màn hình Danh sách. | D62: 1. Tap icon filter 2. Kiểm tra hiển thị Bottom Sheet | E62: 2. Hiển thị đầy đủ layout giống Design (Tham khảo ảnh "4. Bộ lọc" sheet WF/Design) - Nút Đóng (X) góc phải trên - "Cơ quan ban hành": Textbox, placeholder "Nhập cơ quan ban hành" - "Khoảng ngày ban hành": Date Range, placeholder "Ngày bắt đầu - Ngày kết thúc" - "Loại văn bản": mặc định "Tất cả văn bản" - "Lĩnh vực": mặc định "Tất cả lĩnh vực" - "Đơn vị soạn thảo": mặc định "Tất cả đơn vị soạn thảo" - "Trạng thái": mặc định "Tất cả trạng thái" - Nút "Nhập lại": text đỏ, icon refresh - Nút "Áp dụng": nền đỏ đậm | G62: Untested | K62: Untested
B63: Check Function
A64: ="TC_" & TEXT(ROW()-16,"000") -> TC_048 | B64: [Nút "Áp dụng"] Kiểm tra áp dụng bộ lọc với 1 Dropdown | C64: Đăng nhập thành công. Ở màn hình Danh sách. Bottom Sheet Bộ lọc đang mở. | D64: 1. Chọn Loại văn bản = "Thông tư" 2. Tap "Áp dụng" 3. Kiểm tra hiển thị | E64: 2. Bottom Sheet đóng 3. Danh sách chỉ hiển thị VB có Loại = "Thông tư" | G64: Untested | K64: Untested
A65: ="TC_" & TEXT(ROW()-16,"000") -> TC_049 | B65: [Bộ lọc] Kiểm tra áp dụng nhiều trường kết hợp (Decision Table) | C65: Đăng nhập thành công. Ở màn hình Danh sách. Bottom Sheet Bộ lọc đang mở. | D65: 1. Chọn Loại VB = "Nghị định" 2. Chọn Lĩnh vực = "Đầu tư" 3. Chọn Trạng thái = "Đang hiệu lực" 4. Tap "Áp dụng" 5. Kiểm tra kết quả | E65: 4. Bottom Sheet đóng 5. Danh sách chỉ hiển thị VB thỏa TẤT CẢ điều kiện (AND) | G65: Untested | K65: Untested
A66: ="TC_" & TEXT(ROW()-16,"000") -> TC_050 | B66: [Bộ lọc] Kiểm tra áp dụng tất cả 6 trường cùng lúc | C66: Đăng nhập thành công. Ở màn hình Danh sách. Bottom Sheet Bộ lọc đang mở. | D66: 1. Nhập "Chính phủ" vào Cơ quan ban hành 2. Chọn ngày: 01/01/2025 - 31/12/2025 3. Chọn Loại VB = "Nghị định" 4. Chọn Lĩnh vực = "Đầu tư" 5. Chọn Đơn vị = "Bộ KH&ĐT" 6. Chọn Trạng thái = "Đang hiệu lực" 7. Tap "Áp dụng" 8. Kiểm tra kết quả | E66: 7. Bottom Sheet đóng 8. Danh sách chỉ hiển thị VB thỏa tất cả 6 điều kiện | G66: Untested | K66: Untested
A67: ="TC_" & TEXT(ROW()-16,"000") -> TC_051 | B67: [Searchable Dropdown] Kiểm tra tìm kiếm option | C67: Đăng nhập thành công. Ở màn hình Danh sách. Bottom Sheet Bộ lọc đang mở. | D67: 1. Tap dropdown "Loại văn bản" 2. Nhập "Thông" vào ô search 3. Kiểm tra hiển thị | E67: 2. Mở danh sách + ô search 3. Option lọc theo "Thông" (gần đúng), sắp xếp A-Z | F67: CMR-03 | G67: Untested | K67: Untested
A68: ="TC_" & TEXT(ROW()-16,"000") -> TC_052 | B68: [Searchable Dropdown] Kiểm tra chọn option và highlight | C68: Đăng nhập thành công. Ở màn hình Danh sách. Bottom Sheet Bộ lọc đang mở. | D68: 1. Tap dropdown "Lĩnh vực" 2. Tap chọn "Đầu tư" 3. Kiểm tra dropdown đóng 4. Tap lại dropdown "Lĩnh vực" 5. Kiểm tra hiển thị | E68: 2. Dropdown đóng, hiển thị "Đầu tư" 5. Option "Đầu tư" được highlight/bold | G68: Untested | K68: Untested
A69: ="TC_" & TEXT(ROW()-16,"000") -> TC_053 | B69: [Searchable Dropdown] Kiểm tra text option dài truncate + long press | C69: Đăng nhập thành công. Ở màn hình Danh sách. Bottom Sheet Bộ lọc đang mở. | D69: 1. Tap dropdown có option text rất dài 2. Kiểm tra hiển thị option dài 3. Tap giữ (long press) option dài | E69: 2. Text dài truncate + "..." 3. Hiển thị toàn bộ nội dung option | G69: Untested | K69: Untested
A70: ="TC_" & TEXT(ROW()-16,"000") -> TC_054 | B70: [Searchable Dropdown] Kiểm tra không tìm thấy option | C70: Đăng nhập thành công. Ở màn hình Danh sách. Bottom Sheet Bộ lọc đang mở. | D70: 1. Tap dropdown "Đơn vị soạn thảo" 2. Nhập "XYZABC" 3. Kiểm tra hiển thị | E70: 3. Hiển thị empty state trong dropdown (không có option nào) | G70: Untested | K70: Untested
A71: ="TC_" & TEXT(ROW()-16,"000") -> TC_055 | B71: [Cơ quan ban hành] Kiểm tra tìm kiếm gần đúng | C71: Đăng nhập thành công. Ở màn hình Danh sách. Bottom Sheet Bộ lọc đang mở. | D71: 1. Nhập "Chính phủ" vào "Cơ quan ban hành" 2. Tap "Áp dụng" 3. Kiểm tra kết quả | E71: 3. Danh sách hiển thị VB có cơ quan ban hành chứa "Chính phủ" | G71: Untested | K71: Untested
A72: ="TC_" & TEXT(ROW()-16,"000") -> TC_056 | B72: [Cơ quan ban hành] Kiểm tra 500 ký tự — nhập đúng 500 (BVA) | C72: Đăng nhập thành công. Ở màn hình Danh sách. Bottom Sheet Bộ lọc đang mở. | D72: 1. Nhập đúng 500 ký tự vào "Cơ quan ban hành" 2. Kiểm tra hiển thị | E72: 2. Hệ thống chấp nhận 500 ký tự bình thường | F72: BVA: at boundary | G72: Untested | K72: Untested
A73: ="TC_" & TEXT(ROW()-16,"000") -> TC_057 | B73: [Cơ quan ban hành] Kiểm tra 500 ký tự — nhập 501 (BVA) | C73: Đăng nhập thành công. Ở màn hình Danh sách. Bottom Sheet Bộ lọc đang mở. | D73: 1. Nhập 501 ký tự vào "Cơ quan ban hành" | E73: 1. Không cho phép nhập ký tự thứ 501. Chặn tại 500. | F73: BVA: above boundary | G73: Untested | K73: Untested
A74: ="TC_" & TEXT(ROW()-16,"000") -> TC_058 | B74: [Date Range] Kiểm tra chọn cả ngày bắt đầu và kết thúc | C74: Đăng nhập thành công. Ở màn hình Danh sách. Bottom Sheet Bộ lọc đang mở. | D74: 1. Tap "Khoảng ngày ban hành" 2. Chọn bắt đầu = 01/01/2025 3. Chọn kết thúc = 31/12/2025 4. Tap "Áp dụng" 5. Kiểm tra kết quả | E74: 5. Danh sách chỉ hiển thị VB có ngày ban hành từ 01/01/2025 đến 31/12/2025 | F74: CMR-15 | G74: Untested | K74: Untested
A75: ="TC_" & TEXT(ROW()-16,"000") -> TC_059 | B75: [Date Range] Kiểm tra chỉ chọn ngày bắt đầu | C75: Đăng nhập thành công. Ở màn hình Danh sách. Bottom Sheet Bộ lọc đang mở. | D75: 1. Chọn bắt đầu = 01/06/2025 2. Không chọn kết thúc 3. Tap "Áp dụng" 4. Kiểm tra kết quả | E75: 4. Danh sách hiển thị VB từ 01/06/2025 đến hiện tại (kết thúc = vô hạn) | F75: CMR-15 | G75: Untested | K75: Untested
A76: ="TC_" & TEXT(ROW()-16,"000") -> TC_060 | B76: [Date Range] Kiểm tra chỉ chọn ngày kết thúc | C76: Đăng nhập thành công. Ở màn hình Danh sách. Bottom Sheet Bộ lọc đang mở. | D76: 1. Không chọn bắt đầu 2. Chọn kết thúc = 31/12/2024 3. Tap "Áp dụng" 4. Kiểm tra kết quả | E76: 4. Danh sách hiển thị VB từ đầu đến 31/12/2024 (bắt đầu = không giới hạn) | F76: CMR-15 | G76: Untested | K76: Untested
A77: ="TC_" & TEXT(ROW()-16,"000") -> TC_061 | B77: [Date Range] Kiểm tra kết thúc chỉ cho phép từ bắt đầu trở về sau | C77: Đăng nhập thành công. Ở màn hình Danh sách. Bottom Sheet Bộ lọc đang mở. | D77: 1. Chọn bắt đầu = 15/03/2025 2. Mở Date Picker kết thúc 3. Kiểm tra các ngày trước 15/03/2025 | E77: 3. Các ngày trước 15/03/2025 bị disable, không cho phép chọn | F77: CMR-15 | G77: Untested | K77: Untested
A78: ="TC_" & TEXT(ROW()-16,"000") -> TC_062 | B78: [Date Range] Kiểm tra cho phép chọn ngày tương lai | C78: Đăng nhập thành công. Ở màn hình Danh sách. Bottom Sheet Bộ lọc đang mở. | D78: 1. Mở Date Picker 2. Chọn ngày tương lai (01/01/2027) 3. Kiểm tra hiển thị | E78: 2. Cho phép chọn ngày tương lai bình thường 3. Giá trị hiển thị đúng | F78: Q11 | G78: Untested | K78: Untested
A79: ="TC_" & TEXT(ROW()-16,"000") -> TC_063 | B79: [Nút "Nhập lại"] Kiểm tra reset tất cả field | C79: Đăng nhập thành công. Bottom Sheet mở. Đã chọn/nhập giá trị cho nhiều trường. | D79: 1. Tap nút "Nhập lại" 2. Kiểm tra hiển thị | E79: 2. - Cơ quan ban hành: trống - Khoảng ngày: trống - Loại VB: "Tất cả văn bản" - Lĩnh vực: "Tất cả lĩnh vực" - Đơn vị: "Tất cả đơn vị soạn thảo" - Trạng thái: "Tất cả trạng thái" - Bottom Sheet giữ nguyên mở | G79: Untested | K79: Untested
A80: ="TC_" & TEXT(ROW()-16,"000") -> TC_064 | B80: [Đóng] Kiểm tra tap ngoài vùng Bottom Sheet | C80: Đăng nhập thành công. Bottom Sheet mở. Đã chọn giá trị bộ lọc. | D80: 1. Tap ra ngoài vùng Bottom Sheet 2. Kiểm tra hiển thị | E80: 1. Bottom Sheet đóng 2. Bộ lọc KHÔNG được áp dụng. Danh sách giữ nguyên. | G80: Untested | K80: Untested
A81: ="TC_" & TEXT(ROW()-16,"000") -> TC_065 | B81: [Đóng] Kiểm tra tap nút Đóng (X) | C81: Đăng nhập thành công. Bottom Sheet mở. Đã chọn giá trị bộ lọc. | D81: 1. Tap nút Đóng (X) 2. Kiểm tra hiển thị | E81: 1. Bottom Sheet đóng 2. Bộ lọc KHÔNG được áp dụng. | G81: Untested | K81: Untested
A82: ="TC_" & TEXT(ROW()-16,"000") -> TC_066 | B82: [Đóng] Kiểm tra nút Back vật lý Android | C82: Đăng nhập thành công. Bottom Sheet mở (Android). | D82: 1. Nhấn nút Back vật lý 2. Kiểm tra hiển thị | E82: 1. Bottom Sheet đóng (KHÔNG thoát màn hình danh sách) 2. Bộ lọc KHÔNG được áp dụng. | G82: Untested | K82: Untested
A83: ="TC_" & TEXT(ROW()-16,"000") -> TC_067 | B83: [Dropdown Trạng thái] Kiểm tra list tĩnh 5 giá trị (EP) | C83: Đăng nhập thành công. Ở màn hình Danh sách. Bottom Sheet Bộ lọc đang mở. | D83: 1. Tap dropdown "Trạng thái" 2. Kiểm tra danh sách option | E83: 2. List tĩnh 5 giá trị: - Đang hiệu lực - Chưa hiệu lực - Không xác định hiệu lực - Hết hiệu lực - Hết hiệu lực một phần | G83: Untested | K83: Untested
A84: ="TC_" & TEXT(ROW()-16,"000") -> TC_068 | B84: [Bộ lọc] Kiểm tra không có kết quả phù hợp | C84: Đăng nhập thành công. Ở màn hình Danh sách. Bottom Sheet Bộ lọc đang mở. | D84: 1. Chọn điều kiện lọc không có VB nào phù hợp 2. Tap "Áp dụng" 3. Kiểm tra hiển thị | E84: 3. Hiển thị "Không tìm thấy kết quả." theo CMR-14 | G84: Untested | K84: Untested
B85: Check common
B86: Kiểm tra các trường hợp phổ biến UI/UX
A87: ="TC_" & TEXT(ROW()-18,"000") -> TC_069 | B87: Kiểm tra hiển thị dữ liệu tối đa (maxlength) | C87: Đăng nhập thành công. Ở màn hình Danh sách. Bottom Sheet Bộ lọc đang mở. | D87: 1. Kiểm tra hiển thị dữ liệu tối đa | E87: 1. Hiển thị đúng độ dài tối đa | G87: Untested | K87: Untested
A88: ="TC_" & TEXT(ROW()-18,"000") -> TC_070 | B88: Kiểm tra khôi phục/phóng to/thu nhỏ ứng dụng | C88: Đăng nhập thành công. Ở màn hình Danh sách. Bottom Sheet Bộ lọc đang mở. | D88: 1. Thực hiện khôi phục, phóng to, thu nhỏ | E88: 1. Không xảy ra lỗi bất thường | G88: Untested | K88: Untested
A89: ="TC_" & TEXT(ROW()-18,"000") -> TC_071 | B89: Kiểm tra tính nhất quán của các thông báo | C89: Đăng nhập thành công. Ở màn hình Danh sách. Bottom Sheet Bộ lọc đang mở. | D89: 1. Kiểm tra tính nhất quán của các thông báo | E89: 1. Thông báo lỗi inline: dưới ô bị lỗi, màu đỏ Toast: giữa hoặc phía dưới màn hình | G89: Untested | K89: Untested
A90: ="TC_" & TEXT(ROW()-18,"000") -> TC_072 | B90: Kiểm tra hiển thị khi thiết bị ở chế độ dọc | C90: Đăng nhập thành công. Ở màn hình Danh sách. Bottom Sheet Bộ lọc đang mở. | D90: 1. Kiểm tra hiển thị chế độ dọc | E90: 1. Giao diện không bị vỡ | G90: Untested | K90: Untested
A91: ="TC_" & TEXT(ROW()-18,"000") -> TC_073 | B91: Kiểm tra hiển thị khi thiết bị ở chế độ ngang | C91: Đăng nhập thành công. Ở màn hình Danh sách. Bottom Sheet Bộ lọc đang mở. | D91: 1. Kiểm tra hiển thị chế độ ngang | E91: 1. App chỉ hỗ trợ Portrait. Không xoay. | G91: Untested | K91: Untested
A92: ="TC_" & TEXT(ROW()-18,"000") -> TC_074 | B92: Kiểm tra chuyển đổi dọc/ngang | C92: Đăng nhập thành công. Ở màn hình Danh sách. Bottom Sheet Bộ lọc đang mở. | D92: 1. Chuyển dọc sang ngang 2. Chuyển ngang sang dọc | E92: 1 & 2. App Portrait only. Không vỡ. | G92: Untested | K92: Untested
A93: ="TC_" & TEXT(ROW()-18,"000") -> TC_075 | B93: Kiểm tra cỡ chữ lớn nhất | C93: Đăng nhập thành công. Ở màn hình Danh sách. Bottom Sheet Bộ lọc đang mở. | D93: 1. Kiểm tra hiển thị cỡ chữ lớn nhất | E93: 1. Giao diện không bị vỡ | G93: Untested | K93: Untested
A94: ="TC_" & TEXT(ROW()-18,"000") -> TC_076 | B94: Kiểm tra cỡ chữ nhỏ nhất | C94: Đăng nhập thành công. Ở màn hình Danh sách. Bottom Sheet Bộ lọc đang mở. | D94: 1. Kiểm tra hiển thị cỡ chữ nhỏ nhất | E94: 1. Giao diện không bị vỡ | G94: Untested | K94: Untested
B95: Kiểm tra tương tác cơ bản với thiết bị
A96: ="TC_" & TEXT(ROW()-19,"000") -> TC_077 | B96: Xác nhận nút [Quay lại] Android | C96: Đăng nhập thành công. Ở màn hình Danh sách. Bottom Sheet Bộ lọc đang mở. | D96: 1. Chạm nút [Quay lại] Android 2. Xác nhận hiển thị | E96: 2. Đóng Bottom Sheet | G96: Untested | K96: Untested
A97: ="TC_" & TEXT(ROW()-19,"000") -> TC_078 | B97: Xác nhận vuốt trái→phải iOS | C97: Đăng nhập thành công. Ở màn hình Danh sách. Bottom Sheet Bộ lọc đang mở. | D97: 1. Vuốt trái sang phải iOS 2. Xác nhận hiển thị | E97: 2. Đóng Bottom Sheet | G97: Untested | K97: Untested
A98: ="TC_" & TEXT(ROW()-19,"000") -> TC_079 | B98: Xác nhận tắt/mở lại app | C98: Đăng nhập thành công. Ở màn hình Danh sách. Bottom Sheet Bộ lọc đang mở. | D98: 1. Tắt app 2. Mở lại 3. Xác nhận hiển thị | E98: 3. Mở lại từ Trang chủ, giữ session | G98: Untested | K98: Untested
A99: ="TC_" & TEXT(ROW()-19,"000") -> TC_080 | B99: Kiểm tra đa nhiệm | C99: Đăng nhập thành công. Ở màn hình Danh sách. Bottom Sheet Bộ lọc đang mở. | D99: 1. Về màn hình chính 2. Mở lại app 3. Xác nhận | E99: 3. Giữ nguyên trạng thái | G99: Untested | K99: Untested
A100: ="TC_" & TEXT(ROW()-19,"000") -> TC_081 | B100: Kiểm tra khóa/mở khóa màn hình | C100: Đăng nhập thành công. Ở màn hình Danh sách. Bottom Sheet Bộ lọc đang mở. | D100: 1. Khóa thiết bị 2. Mở khóa 3. Xác nhận | E100: 3. Giữ nguyên trạng thái | G100: Untested | K100: Untested
...

Sheet Master Plan
C3: MASTER PLAN - Update Địa Chỉ Hành Chính mới 0609
B5: No | C5: Platform | D5: Screen list | E5: Testcase/Checklist | I5: Execute test + test report | N5: Note
E6: PIC | F6: Start date | G6: End date | H6: Status | I6: PIC | J6: Start date | K6: End date | L6: Days | M6: Status
B7: 1 | C7: Web- Admin | D7: Đăng ký | E7: Thảo | I7: Thảo + Hằng + Trang | J7: 45915 | K7: 45922 | L7: 4
D8: Chỉnh sửa | E8: Thảo | I8: Thảo + Hằng + Trang | J8: 45915 | K8: 45922
D9: [Quản lý danh mục] Tỉnh/Thành phố | E9: Thảo | I9: Thảo + Hằng + Trang | J9: 45915 | K9: 45922
D10: [Quản lý danh mục] Xã/phường | E10: Thảo | I10: Thảo + Hằng + Trang | J10: 45915 | K10: 45922
D11: [Quản lý đơn hàng] Chỉnh sửa địa chỉ ship tem | E11: Thảo | I11: Thảo + Hằng + Trang | J11: 45915 | K11: 45922
D12: [Yêu cầu phát hành lại thẻ] Tạo y/c PHL thẻ | E12: Thảo | I12: Thảo + Hằng + Trang | J12: 45915 | K12: 45922
B13: 2 | D13: [BC vé tháng] T15. Danh sách thẻ chuyển phát nhanh | E13: Thảo | I13: Thảo + Hằng + Trang | J13: 45915 | K13: 45922
D14: Impact các Báo cáo cũ có hiển thị thông tin địa chỉ | I14: Thảo + Hằng + Trang | J14: 45915 | K14: 45922
B15: 3 | C15: Web- Online | D15: Đăng ký | E15: Thảo | I15: Thảo + Hằng + Trang | J15: 45915 | K15: 45922 | L15: 3
B16: 4 | D16: Chỉnh sửa | E16: Thảo | I16: Thảo + Hằng + Trang | J16: 45915 | K16: 45922
B17: 5 | D17: Gia hạn vé tháng | E17: Thảo | I17: Thảo + Hằng + Trang | J17: 45915 | K17: 45922
B18: 6 | D18: Phát hành lại thẻ | E18: Thảo | I18: Thảo + Hằng + Trang | J18: 45915 | K18: 45922
B19: 7 | C19: Web- Đại lý | D19: (null)
B20: 22 | C20: App khách hàng | D20: Đăng ký | E20: Hằng | I20: Trang+ Hằng | J20: 45908 | K20: 45912 | L20: 5 | M20: Done
D21: Chỉnh sửa đơn đăng ký | E21: Hằng | I21: Trang+ Hằng | J21: 45908 | K21: 45912 | M21: Done
B22: 24 | D22: Gia hạn vé tháng | E22: Hằng | I22: Trang+ Hằng | J22: 45908 | K22: 45912 | M22: Done
D23: Mã QR thẻ | E23: Hằng | I23: Trang+ Hằng | J23: 45908 | K23: 45912 | M23: Done
D24: Nạp điểm (theo chính sách giá vé mới) | E24: Hằng | I24: Trang+ Hằng | J24: 45908 | K24: 45912 | M24: Done
D25: Vé lượt | E25: Hằng | I25: Trang+ Hằng | J25: 45908 | K25: 45912 | M25: Done
B26: 28 | D26: Tra cứu buýt | E26: Hằng | I26: Trang+ Hằng | J26: 45908 | K26: 45912 | M26: Done
B27: 29 | C27: App In Thẻ | E27: Trang | L27: 1 | M27: Doing

Sheet WFDesign
A1: 1. Màn xem danh sách - Số hiệu, trích yếu | D1: 2. Màn xem danh sách - Toàn văn | F1: 3. Màn xem chi tiết | G1: 4. Bộ lọc | I1: 5. Mục lục văn bản
H39: h
